{"timestamps": [1657186741.941507, 1657186746.14025, 1657186754.733492, 1657186777.864229, 1657186788.611734, 1657186794.457369, 1657186803.578175, 1657186808.708847, 1657186813.837014, 1657186820.714438, 1657186826.449368, 1657186836.581248, 1657186846.832868], "initial_reset_timestamp": 1657186722.818706, "episode_types": ["t", "t", "t", "t", "t", "t", "t", "t", "t", "t", "t", "t", "t", "t"], "episode_lengths": [167, 40, 83, 225, 104, 56, 88, 49, 49, 66, 55, 98, 99], "episode_rewards": [1206.3892851190478, -201.20150523595242, 344.73379761664273, 674.4721090205933, 502.63670862100037, -146.5843762065903, 359.30610362785467, -145.2857426892548, -119.48914076015485, -60.109219312246836, -122.11612656595395, 96.9593230265034, 446.78293759603355]}