{"timestamps": [1657189830.624547, 1657189834.773476, 1657189841.902856, 1657189846.972739, 1657189857.830634, 1657189870.052799, 1657189874.45006], "initial_reset_timestamp": 1657189821.131095, "episode_types": ["t", "t", "t", "t", "t", "t", "t", "t"], "episode_lengths": [71, 39, 68, 48, 104, 117, 41], "episode_rewards": [-57.65466263619231, -127.7254038319631, -96.87087964283374, -119.3191864360781, 148.05507880406049, 149.72547220792137, -151.25902342010605]}