{"timestamps": [1656568977.609209, 1656568978.04275, 1656568978.254377, 1656568978.465741, 1656568978.983383, 1656568979.606699, 1656568979.819208, 1656568980.030742, 1656568980.348102, 1656568980.559735, 1656568980.771375, 1656568981.490108, 1656568981.807336, 1656568982.019164, 1656568982.230694, 1656568982.442618, 1656568982.654132, 1656568982.86566], "initial_reset_timestamp": 1656568975.583735, "episode_types": ["t", "t", "t", "t", "t", "t", "t", "t", "t", "t", "t", "t", "t", "t", "t", "t", "t", "t"], "episode_lengths": [1, 2, 1, 1, 4, 5, 1, 1, 2, 1, 1, 6, 2, 1, 1, 1, 1, 1], "episode_rewards": [-200.0, -199.0, -200.0, -200.0, -197.0, -192.0, -200.0, -200.0, -199.0, -200.0, -200.0, -191.0, -199.0, -200.0, -200.0, -200.0, -200.0, -200.0]}