{"timestamps": [1656942232.897236, 1656942233.341884, 1656942234.190972, 1656942240.767846, 1656942244.111528, 1656942244.657056, 1656942252.291618, 1656942260.49085, 1656942264.203669, 1656942268.158777, 1656942274.425112, 1656942275.384231, 1656942281.854449, 1656942287.14845, 1656942293.109189, 1656942298.694076, 1656942301.930925, 1656942309.124424, 1656942316.15033, 1656942320.313522, 1656942326.280906, 1656942327.44056, 1656942332.625227], "initial_reset_timestamp": 1656942228.859435, "episode_types": ["t", "t", "t", "t", "t", "t", "t", "t", "t", "t", "t", "t", "t", "t", "t", "t", "t", "t", "t", "t", "t", "t", "t", "t"], "episode_lengths": [15, 3, 7, 63, 31, 4, 73, 78, 35, 36, 59, 8, 61, 50, 56, 52, 29, 68, 66, 39, 57, 10, 48], "episode_rewards": [-170.0, -194.0, -186.0, -102.0, -126.0, -193.0, -104.0, -87.0, -142.0, -125.0, -110.0, -185.0, -108.0, -103.0, -93.0, -117.0, -148.0, -97.0, -79.0, -142.0, -104.0, -183.0, -121.0]}