{"timestamps": [1657246361.403115, 1657246367.984656], "initial_reset_timestamp": 1657246356.488408, "episode_types": ["t", "t", "t"], "episode_lengths": [47, 58], "episode_rewards": [-173.34636784093436, -113.76714100676504]}