{"timestamps": [1657027914.796736, 1657027920.577774, 1657027925.952856, 1657027931.331333, 1657027936.402352, 1657027943.12012, 1657027947.890323, 1657027954.123479, 1657027965.601219, 1657027970.059317, 1657027974.920002], "initial_reset_timestamp": 1657027908.247146, "episode_types": ["t", "t", "t", "t", "t", "t", "t", "t", "t", "t", "t", "t"], "episode_lengths": [39, 55, 51, 51, 48, 64, 45, 59, 110, 42, 46], "episode_rewards": [-115.70092718304001, -111.28126842470726, -126.73998503665901, -130.24889849398494, -136.02380864797354, -89.64022335643315, -132.89273865526235, -131.35176826193762, 113.6291352457418, -137.5457787932883, -146.2318061418368]}