{"timestamps": [1656646398.832901], "initial_reset_timestamp": 1656646206.845756, "episode_types": ["t", "t"], "episode_lengths": [1814], "episode_rewards": [4365.0]}