{"timestamps": [1656665242.045246, 1656665249.885889, 1656665255.421114, 1656665263.994652, 1656665271.133777, 1656665280.101369, 1656665286.426143, 1656665295.297409, 1656665302.639569, 1656665308.555608], "initial_reset_timestamp": 1656665233.741933, "episode_types": ["t", "t", "t", "t", "t", "t", "t", "t", "t", "t", "t"], "episode_lengths": [60, 76, 53, 83, 69, 87, 61, 86, 71, 57], "episode_rewards": [-81.0, -49.0, -84.0, -78.0, -64.0, -38.0, -84.0, -75.0, -78.0, -84.0]}