{"timestamps": [1656660501.437333, 1656660505.07637, 1656660518.681338, 1656660521.339864, 1656660524.579424, 1656660527.738945, 1656660535.133485, 1656660538.381324, 1656660543.664792, 1656660550.576339, 1656660557.064564, 1656660560.187276, 1656660563.291753, 1656660569.885011, 1656660571.150529, 1656660573.046296, 1656660577.140336, 1656660579.72883, 1656660581.554242, 1656660582.842783, 1656660584.680093, 1656660586.161842, 1656660587.727327, 1656660589.234977, 1656660590.908453, 1656660592.423796, 1656660594.227277, 1656660595.009335, 1656660596.746501, 1656660598.414366, 1656660599.862736, 1656660601.329049, 1656660603.099143, 1656660605.741701, 1656660607.638452, 1656660610.798008, 1656660612.21807, 1656660615.220155, 1656660620.074531, 1656660621.399402, 1656660624.56538, 1656660626.136979, 1656660628.1006, 1656660629.194044, 1656660631.064202, 1656660632.630633, 1656660633.673971, 1656660643.751714, 1656660650.493333, 1656660654.191636, 1656660657.652788, 1656660658.979081, 1656660663.380282, 1656660667.165926, 1656660667.890912, 1656660713.882991, 1656660717.279648, 1656660720.869649], "initial_reset_timestamp": 1656660493.015782, "episode_types": ["t", "t", "t", "t", "t", "t", "t", "t", "t", "t", "t", "t", "t", "t", "t", "t", "t", "t", "t", "t", "t", "t", "t", "t", "t", "t", "t", "t", "t", "t", "t", "t", "t", "t", "t", "t", "t", "t", "t", "t", "t", "t", "t", "t", "t", "t", "t", "t", "t", "t", "t", "t", "t", "t", "t", "t", "t", "t", "t"], "episode_lengths": [285, 148, 543, 93, 110, 99, 232, 102, 166, 218, 204, 98, 97, 209, 38, 59, 129, 81, 57, 40, 57, 46, 49, 47, 53, 47, 56, 24, 54, 52, 45, 45, 55, 83, 60, 99, 44, 94, 153, 40, 99, 49, 61, 34, 58, 49, 31, 303, 214, 117, 108, 41, 140, 119, 22, 1463, 107, 113], "episode_rewards": [396.0, 115.0, 886.0, -8.0, -7.0, -34.0, 267.0, -59.0, 181.0, 197.0, 151.0, -51.0, -48.0, 260.0, -123.0, -118.0, 44.0, -52.0, -128.0, -133.0, -128.0, -131.0, -128.0, -134.0, -132.0, -134.0, -129.0, -165.0, -131.0, -129.0, -132.0, -136.0, -114.0, -86.0, -113.0, -54.0, -141.0, -55.0, 108.0, -145.0, -50.0, -136.0, -132.0, -131.0, -131.0, -124.0, -130.0, 178.0, 145.0, 68.0, 3.0, -124.0, 111.0, 14.0, -127.0, 2082.0, -30.0, -28.0]}