{"timestamps": [1656580939.635622, 1656580940.511333, 1656580941.233611, 1656580941.872143, 1656580942.690799, 1656580946.595992, 1656580951.289252, 1656580952.072075, 1656580953.057889, 1656580953.596235, 1656580954.81917, 1656580959.122764, 1656580959.8027, 1656580960.888272, 1656580962.190939, 1656580963.056659, 1656580964.097973, 1656580964.907452, 1656580966.128426, 1656580970.880107, 1656580971.869159, 1656580973.162681, 1656580974.291776, 1656580975.124635, 1656580976.117549, 1656580976.948296, 1656580977.811729, 1656580978.743337, 1656580979.598029, 1656580980.482785, 1656580981.362705, 1656580982.227449, 1656580984.166564, 1656580985.499841, 1656580986.562432, 1656580988.782547, 1656580989.838264, 1656580991.47215, 1656580993.062338, 1656580994.475602, 1656580997.418832, 1656580998.6803, 1656581000.49446, 1656581001.688906, 1656581004.375951, 1656581008.678484, 1656581010.435111, 1656581012.119831, 1656581013.807319, 1656581015.259235, 1656581016.873408, 1656581022.100661, 1656581024.248161, 1656581025.92467, 1656581028.15001, 1656581029.17369, 1656581030.299728, 1656581032.047189, 1656581034.01337, 1656581038.864548, 1656581039.873284, 1656581040.782065, 1656581041.999298, 1656581043.424522, 1656581046.378607, 1656581047.943643, 1656581050.902459, 1656581053.015808, 1656581055.306066, 1656581057.438828, 1656581060.051299, 1656581062.441793, 1656581065.163088, 1656581072.694713, 1656581076.589526, 1656581081.708977, 1656581083.792774, 1656581086.893852, 1656581089.281552, 1656581090.684472, 1656581092.44413, 1656581095.974552, 1656581100.674355, 1656581102.361447, 1656581104.27358, 1656581105.33382, 1656581107.475013, 1656581111.025947, 1656581113.679278, 1656581114.942068, 1656581119.782639, 1656581121.313627, 1656581123.064135, 1656581125.810735, 1656581130.422006, 1656581132.732035, 1656581136.55917, 1656581138.765604, 1656581142.702917, 1656581145.380955, 1656581147.696659, 1656581148.943739, 1656581151.320546, 1656581153.430815, 1656581156.468261, 1656581158.762369, 1656581161.030969, 1656581163.619143, 1656581165.577862, 1656581169.56512], "initial_reset_timestamp": 1656580935.698771, "episode_types": ["t", "t", "t", "t", "t", "t", "t", "t", "t", "t", "t", "t", "t", "t", "t", "t", "t", "t", "t", "t", "t", "t", "t", "t", "t", "t", "t", "t", "t", "t", "t", "t", "t", "t", "t", "t", "t", "t", "t", "t", "t", "t", "t", "t", "t", "t", "t", "t", "t", "t", "t", "t", "t", "t", "t", "t", "t", "t", "t", "t", "t", "t", "t", "t", "t", "t", "t", "t", "t", "t", "t", "t", "t", "t", "t", "t", "t", "t", "t", "t", "t", "t", "t", "t", "t", "t", "t", "t", "t", "t", "t", "t", "t", "t", "t", "t", "t", "t", "t", "t", "t", "t", "t", "t", "t", "t", "t", "t", "t", "t", "t"], "episode_lengths": [25, 19, 17, 15, 20, 93, 112, 18, 23, 13, 24, 103, 16, 26, 31, 18, 22, 18, 28, 112, 23, 30, 26, 18, 22, 18, 19, 22, 18, 22, 19, 22, 48, 30, 22, 52, 25, 40, 37, 31, 68, 30, 47, 26, 63, 103, 40, 40, 42, 34, 38, 109, 40, 35, 48, 26, 28, 37, 40, 117, 22, 22, 27, 31, 66, 33, 64, 48, 52, 48, 60, 56, 63, 169, 92, 111, 50, 67, 57, 33, 37, 88, 104, 41, 47, 25, 49, 78, 61, 29, 114, 33, 45, 65, 97, 52, 82, 43, 88, 63, 52, 31, 59, 50, 72, 53, 54, 57, 49, 99], "episode_rewards": [-160.0, -166.0, -168.0, -174.0, -173.0, -60.0, -41.0, -167.0, -166.0, -172.0, -165.0, -58.0, -165.0, -139.0, -158.0, -163.0, -167.0, -159.0, -153.0, -49.0, -166.0, -155.0, -163.0, -163.0, -167.0, -167.0, -166.0, -163.0, -167.0, -163.0, -162.0, -155.0, -141.0, -155.0, -159.0, -117.0, -164.0, -149.0, -156.0, -162.0, -101.0, -163.0, -118.0, -159.0, -106.0, -50.0, -153.0, -153.0, -131.0, -139.0, -131.0, -36.0, -153.0, -158.0, -125.0, -167.0, -157.0, -156.0, -145.0, -36.0, -159.0, -159.0, -162.0, -162.0, -99.0, -160.0, -113.0, -121.0, -109.0, -105.0, -113.0, -101.0, -98.0, 92.0, -45.0, -2.0, -115.0, -114.0, -120.0, -148.0, -144.0, -97.0, -61.0, -152.0, -130.0, -152.0, -132.0, -95.0, -124.0, -164.0, -55.0, -148.0, -140.0, -92.0, -52.0, -121.0, -55.0, -146.0, -61.0, -110.0, -125.0, -150.0, -118.0, -115.0, -109.0, -120.0, -111.0, -116.0, -128.0, -74.0]}