{"timestamps": [1656580630.600765, 1656580632.136244, 1656580634.358975, 1656580637.109094, 1656580640.503165, 1656580641.854192, 1656580643.477326, 1656580646.163464, 1656580648.440315, 1656580649.74564, 1656580650.883405, 1656580652.45481], "initial_reset_timestamp": 1656580626.829688, "episode_types": ["t", "t", "t", "t", "t", "t", "t", "t", "t", "t", "t", "t", "t"], "episode_lengths": [26, 27, 54, 62, 78, 31, 33, 57, 53, 31, 26, 31], "episode_rewards": [-131.0, -134.0, -75.0, -71.0, -63.0, -158.0, -136.0, -68.0, -68.0, -150.0, -143.0, -130.0]}