{"timestamps": [1656571802.160369, 1656571802.978018, 1656571803.648517, 1656571804.186623, 1656571804.734297, 1656571805.46283, 1656571806.166232, 1656571806.699955, 1656571807.109606, 1656571807.611283, 1656571808.152452, 1656571808.70449, 1656571809.214775, 1656571809.663859, 1656571810.179525, 1656571810.744189, 1656571811.251903, 1656571811.658773, 1656571812.138499, 1656571812.555638, 1656571813.05279, 1656571813.449389, 1656571813.830522, 1656571814.837308], "initial_reset_timestamp": 1656571798.769451, "episode_types": ["t", "t", "t", "t", "t", "t", "t", "t", "t", "t", "t", "t", "t", "t", "t", "t", "t", "t", "t", "t", "t", "t", "t", "t", "t"], "episode_lengths": [34, 16, 20, 16, 17, 22, 20, 16, 12, 15, 16, 17, 15, 14, 15, 18, 15, 12, 14, 12, 15, 12, 11, 31], "episode_rewards": [-139.0, -169.0, -169.0, -173.0, -172.0, -163.0, -173.0, -173.0, -173.0, -174.0, -173.0, -172.0, -174.0, -167.0, -174.0, -167.0, -170.0, -165.0, -163.0, -173.0, -174.0, -173.0, -174.0, -150.0]}