{"timestamps": [1656641975.98435, 1656641986.964299, 1656642008.257869, 1656642013.073158, 1656642038.354877, 1656642049.053375, 1656642079.950926, 1656642088.07392, 1656642097.066398, 1656642104.871002, 1656642114.395884, 1656642131.433141, 1656642148.877546, 1656642165.082252, 1656642177.902028, 1656642191.291475, 1656642227.02056, 1656642232.088441, 1656642236.573227, 1656642254.929159, 1656642268.097235, 1656642294.229176, 1656642311.980306, 1656642326.898707, 1656642338.505111, 1656642461.274512, 1656642469.50317, 1656642508.310987, 1656642548.182083, 1656642564.103496, 1656642608.047223, 1656642707.432146, 1656642751.411801, 1656642770.377247, 1656642810.24087], "initial_reset_timestamp": 1656641966.997935, "episode_types": ["t", "t", "t", "t", "t", "t", "t", "t", "t", "t", "t", "t", "t", "t", "t", "t", "t", "t", "t", "t", "t", "t", "t", "t", "t", "t", "t", "t", "t", "t", "t", "t", "t", "t", "t", "t"], "episode_lengths": [129, 248, 504, 107, 558, 242, 609, 160, 181, 155, 193, 330, 340, 318, 251, 252, 715, 97, 87, 352, 265, 519, 350, 289, 224, 2363, 163, 733, 740, 283, 818, 1912, 876, 383, 784], "episode_rewards": [108.0, 355.0, 931.0, 26.0, 957.0, 309.0, 1184.0, 115.0, 124.0, 110.0, 116.0, 573.0, 579.0, 565.0, 322.0, 347.0, 1422.0, -64.0, -62.0, 575.0, 360.0, 954.0, 581.0, 368.0, 267.0, 4862.0, 130.0, 1432.0, 1435.0, 410.0, 1501.0, 3983.0, 1639.0, 614.0, 1487.0]}