{"timestamps": [1656568122.169229, 1656568122.979904, 1656568123.803276, 1656568124.595426, 1656568125.106423, 1656568125.75762, 1656568126.586684, 1656568127.637405, 1656568128.611367, 1656568129.29336, 1656568130.290532, 1656568131.015364, 1656568132.065002, 1656568133.098599, 1656568133.334281, 1656568135.571036, 1656568136.350497, 1656568136.626463, 1656568137.980806, 1656568138.641773, 1656568139.998115, 1656568140.982592, 1656568142.651284, 1656568142.887763, 1656568144.319032, 1656568145.544327, 1656568147.570526, 1656568148.948437, 1656568150.081522, 1656568151.619895, 1656568152.526825, 1656568154.638979, 1656568154.998955, 1656568155.963521, 1656568158.129425, 1656568159.124153, 1656568159.839626, 1656568161.50476, 1656568162.101711, 1656568162.792775, 1656568163.659991, 1656568164.334406, 1656568165.323147, 1656568167.686878, 1656568169.033956, 1656568169.71313, 1656568170.952711, 1656568172.041417, 1656568173.635587, 1656568174.618233, 1656568175.922655, 1656568177.016094, 1656568178.010879, 1656568178.6796, 1656568179.566881, 1656568180.942118, 1656568183.271616, 1656568184.02405, 1656568186.777899, 1656568187.694695, 1656568190.196796, 1656568191.873827, 1656568194.235011, 1656568196.092346, 1656568198.014094, 1656568199.54462, 1656568201.94946, 1656568202.812257, 1656568204.47226, 1656568206.485285, 1656568208.495216, 1656568211.395618, 1656568212.326579, 1656568213.304917, 1656568215.196083, 1656568217.061128, 1656568217.914027, 1656568220.454577, 1656568222.436944, 1656568223.946035, 1656568225.649744, 1656568228.606884, 1656568229.183978, 1656568231.816763, 1656568234.439708, 1656568237.38376, 1656568240.261537, 1656568243.202416, 1656568245.784362, 1656568246.637238, 1656568247.049288, 1656568247.627907, 1656568249.867121, 1656568252.340143, 1656568253.317569, 1656568254.466738, 1656568256.434423, 1656568256.924715, 1656568259.652423, 1656568262.147315, 1656568264.547634, 1656568267.631337, 1656568270.139201], "initial_reset_timestamp": 1656568119.022792, "episode_types": ["t", "t", "t", "t", "t", "t", "t", "t", "t", "t", "t", "t", "t", "t", "t", "t", "t", "t", "t", "t", "t", "t", "t", "t", "t", "t", "t", "t", "t", "t", "t", "t", "t", "t", "t", "t", "t", "t", "t", "t", "t", "t", "t", "t", "t", "t", "t", "t", "t", "t", "t", "t", "t", "t", "t", "t", "t", "t", "t", "t", "t", "t", "t", "t", "t", "t", "t", "t", "t", "t", "t", "t", "t", "t", "t", "t", "t", "t", "t", "t", "t", "t", "t", "t", "t", "t", "t", "t", "t", "t", "t", "t", "t", "t", "t", "t", "t", "t", "t", "t", "t", "t", "t", "t"], "episode_lengths": [46, 24, 32, 27, 24, 26, 35, 39, 36, 25, 37, 34, 41, 42, 10, 84, 29, 10, 49, 25, 52, 36, 63, 10, 58, 44, 76, 52, 43, 67, 38, 79, 15, 42, 85, 35, 26, 62, 22, 26, 38, 26, 38, 99, 53, 28, 48, 42, 63, 44, 51, 46, 42, 28, 35, 53, 91, 29, 108, 36, 100, 68, 99, 75, 77, 60, 104, 36, 68, 84, 83, 120, 39, 41, 89, 79, 33, 101, 81, 63, 75, 115, 22, 108, 105, 110, 115, 116, 104, 36, 18, 24, 91, 105, 44, 45, 87, 20, 120, 103, 96, 125, 103], "episode_rewards": [-139.0, -153.0, -153.0, -150.0, -153.0, -155.0, -150.0, -146.0, -149.0, -148.0, -116.0, -131.0, -128.0, -119.0, -171.0, -65.0, -148.0, -171.0, -132.0, -152.0, -117.0, -137.0, -70.0, -171.0, -107.0, -105.0, -101.0, -125.0, -130.0, -62.0, -131.0, -74.0, -166.0, -131.0, -60.0, -134.0, -155.0, -103.0, -159.0, -151.0, -135.0, -151.0, -147.0, -54.0, -124.0, -153.0, -121.0, -135.0, -98.0, -125.0, -122.0, -127.0, -127.0, -161.0, -134.0, -124.0, -54.0, -160.0, -57.0, -137.0, -57.0, -105.0, -58.0, -110.0, -108.0, -117.0, -53.0, -137.0, -109.0, -61.0, -62.0, -49.0, -138.0, -132.0, -100.0, -106.0, -128.0, -52.0, -108.0, -126.0, -106.0, -50.0, -159.0, -57.0, -56.0, -63.0, -54.0, -49.0, -57.0, -137.0, -167.0, -165.0, -62.0, -52.0, -129.0, -128.0, -62.0, -157.0, -53.0, -58.0, -69.0, -48.0, -54.0]}